{
  "bands": [
    "F115W",
    "F277W",
    "F444W",
    "sub_F150W",
    "sub_F200W",
    "sub_F444W"
  ],
  "explained_variance_pct": [
    79.73999786376953,
    10.6899995803833,
    9.569999694824219,
    0.0,
    0.0,
    0.0
  ],
  "total_variance_pct": 100.0
}