{
  "bands": [
    "F560W",
    "F1000W",
    "F2550W",
    "sub_F2550W",
    "sub_F1000W",
    "sub_F560W"
  ],
  "explained_variance_pct": [
    98.94999694824219,
    1.0099999904632568,
    0.05000000074505806,
    0.0,
    0.0,
    0.0
  ],
  "total_variance_pct": 100.0
}